token_input,token_output
PMJGPFVIAOC,BQURNXAWZSI
HSZDVDBDYCJ,AYVFVZBUWIA
QIOUVJCXGEE,QOUSIGVPRUY
ZIZLADNOGJK,EAVNDRMPLBA
NMIJZJJYFRO,THPSEFDTERZ
DDHYXIOYXLB,IVPTCLWAPVA
RRZCCCZHHNR,GMKFSISXVRT
LMJIEAPTJOF,OYENBIRCINL
VMHZYZGOXGW,VLXSXURPMFP
WACBQIOWAXX,NGQQUTOGGHL
ETRGXKKBEML,YKJRCVDXVPC
YNVVDRHPRQX,JKJDVKNIMZV
JNREMPZXFJV,JOKZFVAKUZJ
PNZCLCIEHQM,ZKZFOCHVQWE
RLEJKHMJAGB,QFAOGGPBFJX
DKOTQWIGTNP,KSIIHZFVDMA
NXQSAVCNKZW,IEPEDSSDEKV
GZXUTHGZKIM,UMNQEQTYBXX
UDAAPEYSAGI,LEEXJBOVTSC
WIVYPDSBZAC,RXEMODERCXH
ZNRISDJTXXE,KCHIQHZTEJE
PZZMWKCWMSZ,KVRSJHWNREO
GWKGTCGIOIZ,FKHDTVPGTSI
DTUCFZLTMKZ,XAGHTWUXXKF
SNIFRXHXZRU,BWEZXHNNBIP
AVGSSGEYKKZ,CMYATSOLOAA
EQHETSEGYSJ,MAFRSUEMVNU
JUJXEFUPVAQ,GCBBBAVZRKR
KKSJJBXNHWR,YPOIUSZNBXK
JHXOKPBKLLW,PDANYOQAAZR
DUKYVTEEKBD,KDLRABLPALS
FAXZIHMSEBS,KXTDPUNSQWY
GBLKVKSVPYD,XPDAEZUDHMM
WATGEIXPUBV,DOXGXQMWAZH
FZYOMRHGEOI,NSQDDQYTAAA
UIJFITSGLMK,CZZSQGXUSYE
OQHFEBPVMSJ,UZBGEMMBKSX
MRDKDIZTLQB,DEEVCUAGQOH
RJXIEYHQXNQ,WQIJJPUFBFN
MALANYVBVEF,OWIJZPWWDTM
YQZLQBNHMYE,QHRVQZNZVBC
LKNWHIYIUQB,NJUFTGHJCMS
XXOJBOKKHIE,ULIVXJDYYDX
HHFGSQXWJZW,KOJZCZNKKZF
SUFIOQHQQDT,TSTRWFYZRKA
MKUZCVTIQMO,NCHFSMIBRJW
RQXLZRFNIPQ,RAEQBZDMMFB
TVEFHNQOLVY,FVLQTYQPTLJ
BBAWWXUYTAQ,KZIDUGOKMLV
VUTQFGGLWYO,FWQXNQZKDJD
MVNZBXLTKTR,EIOKWSSCQFN
EEDATXPGHEI,DWQIQKZEFMI
XNJBTRUAISH,WRFHNTYJXQN
UHAXAIMXYWM,BVYRGLLQRQR
KSZNLAOAMMV,EFAUVOXUPDX
KIKRFSGPRPW,ZCLUWYRFDZQ
VBGTQZMGRVT,IRVNTRXCLIN
GIRMNLOWWRM,NSWYAEYTWKJ
IXNJLAMKYUU,GOYBCQZPCCY
ONNMXBFARUZ,HBSPLJATLAW
KHKASREREXA,VMZWBYHMEQD
ZITVYMZGZES,OQNTGSQTZNZ
LQGDUMIMSLW,MXWATLPRTLB
UZPZIEBWCTG,RMDKVKXBIWI
RZZURXLAZNL,BCCCGKKFVHN
CLYFZGFVUQB,HKPRFISTPZG
VKWCRRTJEHU,BUPGMBUHMBY
NEMWNVSABLZ,QBTZQGJCCND
IWRYIYGKUYT,XNMDIGEBJJN
YIBRNVDSGNW,HYGFBIIPPLZ
EVHXNGFNLNV,JYRMCANIUAY
WKUXLPANIKT,LLWQICUAFWW
DYMHUHOYLHF,XITGOSZVWVZ
WQYPXCRUYZJ,FWJWOJJMKNV
LLCOIBHMIPX,ZSIBGYPUZRZ
LVOXDWLBUOK,TNJZTSFLJCA
MAIXPIINUDJ,WYZXZVVGLMJ
YDLHINEQOLQ,NNRVPABQMPY
ETEYIWLTUCZ,ONBLMWQDNCU
NRGIGWLSPWF,NZQAQNQVMVL
RXVYVDLPMDN,JVVRZYTGWWQ
GBELPHXYUZG,FBUSBKAODXT
OJBBCUZXBUO,QYWMJEIRIPQ
UECOHKUSJDR,QXMFPQLQMYS
GEQQMMHZKAO,QQBJWKGCXYG
IMFHVMOWVTE,LTAOOUJNPMS
SLFAIBDAMEI,YCAXNOTYBKO
WGHMKHXSQNR,BWKUNRCZNJY
YFJQSBXDURK,KXZBSOJAHJX
ARBSUAZRMRV,EFSUOHNTIUI
NATZDRNUOPN,OEZRQWQGZCK
IRKSJMOIPWX,IIACOMNALVW
LDZGFUFUTMC,OZXAPIZUDBK
VXAFBREBLCQ,COLJCLENVIY
WLYRXSYXHHG,OWVVSMZCWLH
TIJLJYXPAEU,ZUEEPLIBASI
MZWJYZXWYTO,FGMJRJXTGED
LFKVRXXGNMV,XLBXPDNFYFV
KPYDWRRIFIA,SQLGMRKPXXX
BMMZRHWBSNS,XMAWEGJXCSX
CGDCJAPZFSL,VZVHQRIRGGO
BPXKPVBYQIP,YGBMRQIMXUS
TMYLXUJNQCS,GOLGEWZBHLZ
VXFPTKCBLXU,ELPZMMUTIGC
RNSFPSOWJXU,TRFJDYVGXBZ
JZBTCUMVYVY,MFDDHRUCDJN
HNVGGHRXDRH,ABANJVDZZVE
JBTVSOFSNIH,GTCPRJWWDJT
CVAEOOZXUZL,OKFKZZORDNR
VORUSGHMVYQ,RNTEMJLRVOL
TDCTOBLKQMX,TKSDIFVEEVM
BYYCYAXXBFD,PSEVFMPRFFA
RQPGPYZNNXT,DQPTZEBDMQC
LYSTJBQWKGC,ESOQGBSWVPF
RSGNBXMNKVM,EFVHWIULHNL
FYDQLPTGKBS,UFWTYBIDMUC
XLBBTCVHJPO,TYWDPAQVSLL
RJAYNRHDJKK,XUFKAUTKXRN
QLDEWFAPSWJ,MISCIBKYCKY
TLVDKFNCWST,IIEJWQBLOMA
NXPRMCEGWCB,JFCHGVRJHRR
LZSWQEXUNSK,OPGPKIQKPYJ
LZXTRPYENPX,VMWGGHXUURP
VTZCVPMPYGN,SCASPXRRSIF
CALLXIGHLHH,GOUMGXHBATG
CFZIYDBBBCO,HARMXKUETCJ
TNDCOFKWOGO,UBQSGFWSOLE
BKYUXFCUYVZ,KMCXFMXHUJZ
OCPJTAMHTWX,TGJIRGFJHCW
WMJXLMQXJCM,XWRUYDGAOLO
CGYEUZTZZJT,FRYKIDAFWPZ
BRETJKXDXGS,GQWQUTPMUIF
LLOMCPCSSET,UURCRYQOWMF
NWHBVIVYTLW,GMHHMSLAFQW
HXGZMRCUTAE,MZLGBSPLTSS
CGNZFCUEFGV,VPTGCIWPDWV
HNSKEPFBJXS,UBPXVIFQDLF
INSJBLJVQHH,FDVZZOOBEBP
AGPPBVISNRL,YCIIQGONUVB
ISLVNDBJGUW,WXNDYFRCROX
PTGWVYFQRRG,IBGPARUYUDN
PCMRYIQRSTZ,SVJAFLUBLGA
SGAQKODJALU,IBMRIJTMAJU
YALRZQGVGSD,LTSDLTMZMPV
SUUDOEKIMAS,RPNMPGNJIVL
WOQDPONKYYU,MMDNOOVATMV
RLPVJGMTHIN,KLYVKWIOCKU
VIVHMXADOVC,ISLKILXVKJC
MBWPQKOWTLS,EAMHAXRENXQ
IIOQMRDDZTQ,QRMPRBQRYJQ
XZUVVSCHDIP,NIEJKRJYBZA
BUABLVQADSM,DIHKESSDCWT
LHXHWEQSAWG,QWKARZIQEYH
YBMAWMPXMVN,UJIFOJINKSF
TWSOMNZNLKS,KBYBJWFHVVM
WZQDZNDLLCP,SRHGZYIFZNF
NFRLFRSWTZP,JKEBBQFUJNM
IVTMMAOYWUG,DDZHJAEFKNX
QWSFKPRGJEJ,NCCDSCLQKML
FEOOOFLZTQT,SKALBWIKKYH
IGMKETSWYCE,QTKUAPAEJCE
PGLVPUQRQCE,QWPWXSXMPEX
FJZXRSQDPMS,BIXLVQBDGRD
GHLTYQRYQRP,WTILHXWMNKY
ZAOTDRNSWDN,MDUHNVBQSZG
TEJPOHTZSTO,QEYDIIVMMNP
GCTWMASTJNR,SHPYXCBWYKX
YSASADGFKNG,PXKDGRBVHFT
ZLCHUQYPLEK,ILRENKYOLUN
YNWIQLQZNOU,POEGMJEEYLH
HNFGBSJPUQZ,NXFSXOSWILT
CMMIEGKTRYD,EEYYITTBULB
WTZRLQIZQTL,JKFIEIXPOGI
LWERJVVTEFT,GHNOCFTCBBJ
XVTFTSMUYXD,APPIMYHIHRQ
EJEXSNVIIIU,CDSADRZFIRF
ENGQDXRSITZ,BFEAUFDFJPI
JPIAYRTKJFW,RGCRAPSZAPL
FJSJAJFRZTO,UZYZJEHCUTU
AOYPISMEYSQ,ENMZXCBTAOX
EJFHEDZIHCK,ZZOKXIATZYR
SMMUTSPOGTL,IPKBLTNOMMM
BRHFQUCBMBV,IYYHSPUQLJL
FTKVXWMAMFW,KUNEYVDPUOB
PEZMJRANVIH,ZGKMZBPANMH
IMQWNOQDVXT,XVOIVWHYJPL
SSQVOOURWZM,PAGWVEAMERK
FBQZSHDYILG,HASWZLFLOTT
VMIUSEAKQKC,FKNFGVORCOU
KFFNTUCCOFV,SFRCBUKYTOJ
HMKHGPZPNNW,HTSECAQFUFE
ZAONIBZEEXK,TRUJIUSHVXL
SDWKPWONHFX,XTVQNLRKWWM
MFGHCUUJOFS,RFHDGZBCFDC
UPLGDHWRIZE,YRJWIPICCSD
GCPAIRQYYFK,CKVHRXVVEXM
XDLMIOYRZOM,BZTWPOXRNBA
EFVUEPMWERD,IOOQHWQRYSC
VSMEXMMVNQO,DPOCLLYXCHR
OLTTCSITWGN,YDWKUWUPRFH
